{
"Service": {
"srvcenter": {
"name": "Modelo 1",
"img": "assets/thumb/hero/he-center.jpg",
"content": "<div class=\"style1\"><div class=\"container\"><div class=\"grid0 center\"><div><h1 class=\"font-small\">Lorem ipsum</h1><h2 class=\"font-larger\">Lorem ipsum dolor</h2><p>Vivamus at hendrerit elit, nec tristique erat. Cras luctus neque.</p><div class=\"links\"><a class=\"btn1\" href=\"#\">Link</a><a class=\"btn2\" href=\"#\">Link</a></div></div><div><img class=\"lazy\" src=\"assets/img640.jpg\" alt=\"Exemplo\" title=\"Exemplo\" width=\"500\" height=\"500\" loading=\"lazy\" decoding=\"async\"></div></div></div></div><div class=\"style2\"><div class=\"container\"><div class=\"grid2 gapmob10 centermob\"><div><h2 class=\"font-larger\">Lorem ipsum dolor sit amet, consectetur adipiscing elit.</h2></div><div><h3>Vivamus at hendrerit elit, nec tristique erat.</h3><p>Quisque et blandit nulla. Pellentesque ultricies vitae orci aliquam fringilla. Vestibulum ante ipsum primis in faucibus orci luctus et ultrices posuere cubilia curae; Proin egestas feugiat nunc et feugiat. Praesent quis feugiat libero. Morbi magna tortor, vulputate eu quam quis, rutrum efficitur tortor. Suspendisse potenti.</p><a class=\"btn3\" href=\"#\">Learn more</a></div></div></div></div>"
}
}
}